/*
 Navicat Premium Dump SQL

 Source Server         : localhost_3306
 Source Server Type    : MySQL
 Source Server Version : 80046 (8.0.46)
 Source Host           : localhost:3306
 Source Schema         : bate

 Target Server Type    : MySQL
 Target Server Version : 80046 (8.0.46)
 File Encoding         : 65001

 Date: 01/06/2026 14:32:03
*/

SET NAMES utf8mb4;
SET FOREIGN_KEY_CHECKS = 0;

-- ----------------------------
-- Table structure for customer
-- ----------------------------
DROP TABLE IF EXISTS `customer`;
CREATE TABLE `customer`  (
  `cust_code` varchar(20) CHARACTER SET utf8mb4 COLLATE utf8mb4_0900_ai_ci NOT NULL COMMENT 'йЎҫе®ўд»Јз Ғ',
  `cust_name` varchar(50) CHARACTER SET utf8mb4 COLLATE utf8mb4_0900_ai_ci NOT NULL COMMENT 'йЎҫе®ўеҗҚз§°',
  `contact_name` varchar(30) CHARACTER SET utf8mb4 COLLATE utf8mb4_0900_ai_ci NOT NULL COMMENT 'иҒ”зі»дәәе§“еҗҚ',
  `address` varchar(100) CHARACTER SET utf8mb4 COLLATE utf8mb4_0900_ai_ci NOT NULL COMMENT 'ең°еқҖ',
  `postcode` varchar(10) CHARACTER SET utf8mb4 COLLATE utf8mb4_0900_ai_ci NULL DEFAULT NULL COMMENT 'йӮ®зј–',
  `phone` varchar(20) CHARACTER SET utf8mb4 COLLATE utf8mb4_0900_ai_ci NOT NULL COMMENT 'иҒ”зі»з”өиҜқ'
) ENGINE = InnoDB CHARACTER SET = utf8mb4 COLLATE = utf8mb4_0900_ai_ci ROW_FORMAT = Dynamic;

-- ----------------------------
-- Records of customer
-- ----------------------------
INSERT INTO `customer` VALUES ('KH001', 'жқҺи®°зҷҫиҙ§еә—', 'жқҺз»ҸзҗҶ', 'е’Ңз…ҰиӢ‘361', '116100', '1188888');
INSERT INTO `customer` VALUES ('KH002', 'еҲҳж°Ҹж—Ҙз”Ёе“Ғ', 'еҲҳз»ҸзҗҶВ·', 'е’Ңз…ҰиӢ‘358', '116100', '1288888');
INSERT INTO `customer` VALUES ('KH003', 'зҝ иҠұдә”йҮ‘еә—', 'иҷ«еӨ§', 'зӢ—зҶҠеІӯж ‘жҙһ', '116100', '1388888');
INSERT INTO `customer` VALUES ('KH004', 'жқЁж°ҸдәҢе…ғеә—', 'жқЁз»ҸзҗҶ', 'е’Ңз…ҰиӢ‘358', '116100', '1488888');
INSERT INTO `customer` VALUES ('KH005', 'з•ҷдёҖжүӢзү№иүІзғӨйұјеә—', 'еҺЁзҘһ', 'йғҒйҮ‘йҰҷи·Ҝ21еҸ·', '210000', '1588888');

-- ----------------------------
-- Table structure for goods
-- ----------------------------
DROP TABLE IF EXISTS `goods`;
CREATE TABLE `goods`  (
  `goods_code` varchar(20) CHARACTER SET utf8mb4 COLLATE utf8mb4_0900_ai_ci NOT NULL COMMENT 'е•Ҷе“ҒеҲҶзұ»зј–з Ғ',
  `manu_code` varchar(20) CHARACTER SET utf8mb4 COLLATE utf8mb4_0900_ai_ci NOT NULL COMMENT 'з”ҹдә§еҺӮе®¶зј–з Ғ',
  `goods_desc` varchar(200) CHARACTER SET utf8mb4 COLLATE utf8mb4_0900_ai_ci NULL DEFAULT NULL COMMENT 'е•Ҷе“ҒиҜҙжҳҺ',
  `unit_price` decimal(10, 2) NOT NULL COMMENT 'еҚ•д»·',
  PRIMARY KEY (`goods_code` DESC, `manu_code` DESC) USING BTREE
) ENGINE = InnoDB CHARACTER SET = utf8mb4 COLLATE = utf8mb4_0900_ai_ci ROW_FORMAT = Dynamic;

-- ----------------------------
-- Records of goods
-- ----------------------------
INSERT INTO `goods` VALUES ('SP017', 'C006', 'еұ…е®¶еҠһе…¬дё“з”ЁиҖҒжқҝжӨ…', 388.00);
INSERT INTO `goods` VALUES ('SP016', 'C006', 'жҢҮе®ҡеҷЁжў°жү“йҖ ', 588.00);
INSERT INTO `goods` VALUES ('SP015', 'C004', 'й»‘зҷҪйёӯеҗүеҗүзӣІзӣ’', 1688.00);
INSERT INTO `goods` VALUES ('SP014', 'C004', 'й»‘зҷҪејӮиүІеӨ§иҖіеёҪе…ң', 1888.00);
INSERT INTO `goods` VALUES ('SP013', 'C005', 'йҡҸжңәжө·йІңзӣІзӣ’', 2888.00);
INSERT INTO `goods` VALUES ('SP012', 'C005', 'зҺ°жқҖжӯЈе®—и·‘еұұзҢӘ', 3688.00);
INSERT INTO `goods` VALUES ('SP011', 'C005', 'ж–°йІңжһңи”¬еҘ—йӨҗ', 488.00);
INSERT INTO `goods` VALUES ('SP010', 'C004', 'й»‘зҷҪеӨ§еқ—еӨҙзҪ—йҡҗ', 3888.00);
INSERT INTO `goods` VALUES ('SP009', 'C004', 'й»‘зҷҪеҗҢд№ҳзӢ¬и§’е…Ҫ', 4888.00);
INSERT INTO `goods` VALUES ('SP008', 'C003', 'жҙ—жјұз”Ёе“ҒеӨ§еҘ—йӨҗ', 58.00);
INSERT INTO `goods` VALUES ('SP007', 'C003', 'жё…жҙҒе·Ҙе…·еӨ§еҘ—йӨҗ', 168.00);
INSERT INTO `goods` VALUES ('SP006', 'C002', 'еҒҘеә·жҠӨи…•', 49.00);
INSERT INTO `goods` VALUES ('SP005', 'C002', 'дә”жҳҹд№’д№“зҗғжӢҚ', 168.00);
INSERT INTO `goods` VALUES ('SP004', 'C002', '7еҸ·NBAдё“з”ЁзҜ®зҗғ', 299.00);
INSERT INTO `goods` VALUES ('SP003', 'C001', 'еҠ еҺҡжј”з®—зәё', 5.00);
INSERT INTO `goods` VALUES ('SP002', 'C001', 'дҝ®жӯЈж¶І', 3.00);
INSERT INTO `goods` VALUES ('SP001', 'C001', 'й»‘иүІж°ҙжҖ§з¬”зӣ’иЈ…', 15.00);

-- ----------------------------
-- Table structure for manufacturer
-- ----------------------------
DROP TABLE IF EXISTS `manufacturer`;
CREATE TABLE `manufacturer`  (
  `manu_code` varchar(20) CHARACTER SET utf8mb4 COLLATE utf8mb4_0900_ai_ci NOT NULL COMMENT 'еҺӮе®¶д»Јз Ғ',
  `manu_name` varchar(50) CHARACTER SET utf8mb4 COLLATE utf8mb4_0900_ai_ci NOT NULL COMMENT 'еҺӮе®¶еҗҚз§°',
  PRIMARY KEY (`manu_code`) USING BTREE
) ENGINE = InnoDB CHARACTER SET = utf8mb4 COLLATE = utf8mb4_0900_ai_ci ROW_FORMAT = Dynamic;

-- ----------------------------
-- Records of manufacturer
-- ----------------------------
INSERT INTO `manufacturer` VALUES ('C001', 'ж–Үе…·е…ЁиғҪйҖ жңүйҷҗе…¬еҸё');
INSERT INTO `manufacturer` VALUES ('C002', 'дҪ“иӮІе•ҘйғҪиЎҢжңүйҷҗе…¬еҸё');
INSERT INTO `manufacturer` VALUES ('C003', 'ж—Ҙз”ЁйҡҸдҫҝз”Ёжңүйҷҗе…¬еҸё');
INSERT INTO `manufacturer` VALUES ('C004', 'й»‘зҷҪејӮиүІжү№еҸ‘жңүйҷҗе…¬еҸё');
INSERT INTO `manufacturer` VALUES ('C005', 'з”ҹйІңжһңи”¬жү№еҸ‘жңүйҷҗе…¬еҸё');
INSERT INTO `manufacturer` VALUES ('C006', 'д№қе“Ғй”»йҖ жңүйҷҗе…¬еҸё');

-- ----------------------------
-- Table structure for order_detail
-- ----------------------------
DROP TABLE IF EXISTS `order_detail`;
CREATE TABLE `order_detail`  (
  `order_id` varchar(30) CHARACTER SET utf8mb4 COLLATE utf8mb4_0900_ai_ci NOT NULL COMMENT 'и®ўеҚ•еҸ·',
  `detail_id` varchar(30) CHARACTER SET utf8mb4 COLLATE utf8mb4_0900_ai_ci NOT NULL,
  `goods_code` varchar(20) CHARACTER SET utf8mb4 COLLATE utf8mb4_0900_ai_ci NOT NULL,
  `manu_code` varchar(20) CHARACTER SET utf8mb4 COLLATE utf8mb4_0900_ai_ci NOT NULL,
  `buy_num` int NOT NULL,
  `total_amount` decimal(12, 2) NOT NULL,
  PRIMARY KEY (`detail_id`, `order_id`, `goods_code` DESC, `manu_code`) USING BTREE
) ENGINE = InnoDB CHARACTER SET = utf8mb4 COLLATE = utf8mb4_0900_ai_ci ROW_FORMAT = Dynamic;

-- ----------------------------
-- Records of order_detail
-- ----------------------------
INSERT INTO `order_detail` VALUES ('DD001', 'MX001', 'SP001', 'C001', 20, 300.00);
INSERT INTO `order_detail` VALUES ('DD001', 'MX002', 'SP002', 'C001', 50, 150.00);
INSERT INTO `order_detail` VALUES ('DD001', 'MX003', 'SP003', 'C001', 50, 250.00);
INSERT INTO `order_detail` VALUES ('DD002', 'MX004', 'SP004', 'C002', 5, 1495.00);
INSERT INTO `order_detail` VALUES ('DD002', 'MX005', 'SP005', 'C002', 10, 1680.00);
INSERT INTO `order_detail` VALUES ('DD002', 'MX006', 'SP006', 'C002', 20, 980.00);
INSERT INTO `order_detail` VALUES ('DD003', 'MX007', 'SP007', 'C003', 10, 1680.00);
INSERT INTO `order_detail` VALUES ('DD003', 'MX008', 'SP008', 'C003', 10, 580.00);
INSERT INTO `order_detail` VALUES ('DD004', 'MX009', 'SP009', 'C004', 2, 9776.00);
INSERT INTO `order_detail` VALUES ('DD004', 'MX010', 'SP010', 'C004', 1, 3888.00);
INSERT INTO `order_detail` VALUES ('DD001', 'MX011', 'SP007', 'C003', 10, 1680.00);
INSERT INTO `order_detail` VALUES ('DD002', 'MX012', 'SP007', 'C003', 10, 1680.00);
INSERT INTO `order_detail` VALUES ('DD004', 'MX013', 'SP007', 'C003', 10, 1680.00);
INSERT INTO `order_detail` VALUES ('DD005', 'MX014', 'SP007', 'C003', 10, 1680.00);
INSERT INTO `order_detail` VALUES ('DD005', 'MX015', 'SP011', 'C005', 20, 9760.00);
INSERT INTO `order_detail` VALUES ('DD005', 'MX016', 'SP013', 'C005', 1, 2888.00);
INSERT INTO `order_detail` VALUES ('DD004', 'MX017', 'SP014', 'C004', 2, 3776.00);
INSERT INTO `order_detail` VALUES ('DD004', 'MX018', 'SP015', 'C004', 1, 1688.00);
INSERT INTO `order_detail` VALUES ('DD005', 'MX019', 'SP016', 'C006', 5, 2940.00);
INSERT INTO `order_detail` VALUES ('DD001', 'MX020', 'SP017', 'C006', 1, 388.00);
INSERT INTO `order_detail` VALUES ('DD002', 'MX021', 'SP017', 'C006', 1, 388.00);
INSERT INTO `order_detail` VALUES ('DD003', 'MX022', 'SP017', 'C006', 1, 388.00);

-- ----------------------------
-- Table structure for order_main
-- ----------------------------
DROP TABLE IF EXISTS `order_main`;
CREATE TABLE `order_main`  (
  `order_id` varchar(30) CHARACTER SET utf8mb4 COLLATE utf8mb4_0900_ai_ci NOT NULL COMMENT 'и®ўеҚ•еҸ·',
  `order_date` datetime NULL DEFAULT NULL COMMENT 'дёӢеҚ•ж—Ҙжңҹ',
  `cust_code` varchar(20) CHARACTER SET utf8mb4 COLLATE utf8mb4_0900_ai_ci NOT NULL COMMENT 'йЎҫе®ўд»Јз Ғ',
  `transport_req` varchar(100) CHARACTER SET utf8mb4 COLLATE utf8mb4_0900_ai_ci NULL DEFAULT NULL COMMENT 'иҝҗиҫ“иҰҒжұӮ',
  `supply_flag` tinyint NOT NULL COMMENT 'иғҪеҗҰдҫӣиҙ§ж Үеҝ—',
  `transport_date` date NULL DEFAULT NULL COMMENT 'иҝҗиҫ“ж—Ҙжңҹ',
  `goods_weight` decimal(8, 2) NULL DEFAULT NULL COMMENT 'иҙ§зү©йҮҚйҮҸ',
  `freight` decimal(10, 2) NULL DEFAULT NULL COMMENT 'иҝҗиҙ№',
  `pay_list` varchar(200) CHARACTER SET utf8mb4 COLLATE utf8mb4_0900_ai_ci NULL DEFAULT NULL COMMENT 'д»ҳж¬ҫжё…еҚ•',
  PRIMARY KEY (`order_id`, `cust_code`) USING BTREE
) ENGINE = InnoDB CHARACTER SET = utf8mb4 COLLATE = utf8mb4_0900_ai_ci ROW_FORMAT = Dynamic;

-- ----------------------------
-- Records of order_main
-- ----------------------------
INSERT INTO `order_main` VALUES ('DD001', '2026-06-01 09:59:58', 'KH001', 'йҖҒиҙ§дёҠй—Ёе…ЁеӨ©й…ҚйҖҒ', 1, '2026-06-02', 10.00, 12.50, 'еҫ®дҝЎж”Ҝд»ҳе·Ід»ҳе…Ёж¬ҫ');
INSERT INTO `order_main` VALUES ('DD002', '2026-06-01 10:27:36', 'KH002', 'йҖҒиҙ§дёҠй—Ёе…ЁеӨ©й…ҚйҖҒ', 1, '2026-06-02', 15.00, 20.00, 'еҫ®дҝЎж”Ҝд»ҳжңӘе…Ёж¬ҫ');
INSERT INTO `order_main` VALUES ('DD003', '2026-06-01 10:29:08', 'KH003', 'йҖҒиҙ§дёҠй—Ёе…ЁеӨ©й…ҚйҖҒ', 0, '2026-06-02', 12.00, 16.00, 'еҫ®дҝЎж”Ҝд»ҳжңӘд»ҳж¬ҫ');
INSERT INTO `order_main` VALUES ('DD004', '2026-06-01 10:31:42', 'KH004', 'йҖҒиҙ§дёҠй—Ёе‘Ёжң«дёҚй…ҚйҖҒ', 0, '2026-06-02', 20.00, 30.00, 'еҫ®дҝЎж”Ҝд»ҳе·Ід»ҳе…Ёж¬ҫ');
INSERT INTO `order_main` VALUES ('DD005', '2026-06-01 14:04:13', 'KH005', 'еҜ„еӯҳзӮ№еҸ–иҙ§', 1, '2026-06-02', 60.00, 100.00, NULL);

SET FOREIGN_KEY_CHECKS = 1;
